barcode,product_name,category,note,approved_date
8857128177310,HH ขนมเลียโจ๊กปลา 16g*3ชิ้น,999 อ.สัตว์เอ็กโซติก,no sub-unit,2026-07-21
8857128177884,HH ขนมเลียโจ๊กแมลง 16g*3ชิ้น,999 อ.สัตว์เอ็กโซติก,no sub-unit,2026-07-21
8857128177303,HH ขนมเลียโจ๊กไก่ 16g*3ชิ้น,999 อ.สัตว์เอ็กโซติก,no sub-unit,2026-07-21
8857128177730,HH ขนมเลียโจ๊กไข่ 16g*3ชิ้น,999 อ.สัตว์เอ็กโซติก,no sub-unit,2026-07-21
99250213003,กรงพับ 65*42*52cm 790.-,A000 กรงสัตว์เลี้ยง,no sub-unit,2026-07-21
99250213001,กรงพับ 92*55*64 990.-,A000 กรงสัตว์เลี้ยง,no sub-unit,2026-07-21
9923110903,กล่องลับเล็บ025 24*45*37cm 295.-,A101 ALL BOUUT ของเล่น,no sub-unit,2026-07-21
99240202005,A102 แผ่นดักทราย 40*50,A102 ALL ABOUT ของใช้,no sub-unit,2026-07-21
99251118001,A102 แผ่นดักทราย 55*75 XL คละสี,A102 ALL ABOUT ของใช้,no sub-unit,2026-07-21
8850781908277,N-TICK กำจัดเห็บหมัด 10-20kg*10,A106 AG SCIENCE นม,no sub-unit,2026-07-21
8850289002446,AL PU01 แซลมอนเพียวเร่ 15g*4ซอง,A110 Atlas Cat,no sub-unit,2026-07-21
8850289002453,AL PU02 ทูน่าเพียวเร่ 15g*4ซอง,A110 Atlas Cat,no sub-unit,2026-07-21
9920260226001,Bearing Cat แมวเลีย คละรส15g*36,B202 BEARING ขนม สุนัข และ แมว,no sub-unit,2026-07-21
9920260226002,Bearing Cat แมวเลีย คละรส15g*8ซอง,B202 BEARING ขนม สุนัข และ แมว,no sub-unit,2026-07-21
805835344042,CS1024 ที่ลับเล็บ 45.5*12*5.2cm  ,K1008 KANIMAL แชมพู ของใช้ ของเล่น,no sub-unit,2026-07-21
8859653207760,LM (CM01) มูสทูน่าแซลมอน 12g*25,L1102 LIFEMATE ขนมสุนัข แมว ของใช้,no sub-unit,2026-07-21
8859653207784,LM (CM03) มูสทูน่าเนื้อขาว 12g*25,L1102 LIFEMATE ขนมสุนัข แมว ของใช้,no sub-unit,2026-07-21
8850477033078,ME-O (G5) แมวเลีย Taurine Healthy Urinary 15g*4,M1203 MEO ขนมแมว,no sub-unit,2026-07-21
8850477033085,ME-O (G6) แมวเลีย Taurine Healthy Calming รีแล็ค 15g*4,M1203 MEO ขนมแมว,no sub-unit,2026-07-21
8850477033115,ME-O (G7) แมวเลีย Taurine Healthy Anty ต้านอนุมูล 15g*4,M1203 MEO ขนมแมว,no sub-unit,2026-07-21
8853223021802,MEO ขนมแมวเลีย 15*5 ซอง,M1203 MEO ขนมแมว,no sub-unit,2026-07-21
8853223021802-36,MEO ขนมแมวเลียรวมรส 15*36ซอง,M1203 MEO ขนมแมว,no sub-unit,2026-07-21
6976632561315,BOW แมวเลีย เนื้อกระต่าย 15g*4,P1530 PET-R,no sub-unit,2026-07-21
6972137889428,BOW แมวเลีย แซลมอน 15g*4,P1530 PET-R,no sub-unit,2026-07-21
6976632561292,BOW แมวเลีย ไก่ 15g*4,P1530 PET-R,no sub-unit,2026-07-21
8851393007389,TEMPTATIONS CREAMY PURRE รสไก่และทูน่า12g*20,T1903 TEMPTATIONS ขนมแมวเลีย,no sub-unit,2026-07-21
9555192519485,WK อ.เปียก รสปลาทะเล 80g*6 ซอง,W2201 WHISKAS อ.เปียกแมว,no sub-unit,2026-07-21
9555192519461,WK อ.เปียก รสปลาทู 80g*6 ซอง,W2201 WHISKAS อ.เปียกแมว,no sub-unit,2026-07-21
9555192519478,WK อ.เปียก รสปลาทูน่า 80g*6 ซอง,W2201 WHISKAS อ.เปียกแมว,no sub-unit,2026-07-21
8853301100106,WK อ.เปียกจูเนียร์ รสปลาทูน่า 80g*6 ซอง,W2201 WHISKAS อ.เปียกแมว,no sub-unit,2026-07-21
8857128177259,HH ขนมเลียโจ๊กซีฟ๊ด 16g*3ชิ้น,999 อ.สัตว์เอ็กโซติก,no sub-unit,2026-07-25
8857128177082,HH พุดดิ้งนมแพะ 15g*3ชิ้น,999 อ.สัตว์เอ็กโซติก,no sub-unit,2026-07-25
