start_date,branch,barcode,name,stock_start,promo_price
2026-08-06,ML2,8858772604337-1,PurrPurr แมวเลีย สำหรับแมวทำหมัน  6g,143.0,8
2026-08-06,ML2,8858772604337,PurrPurr แมวเลีย สำหรับแมวทำหมัน แพ็ค 8 ซอง,20.0,57
2026-08-06,ML2,8858987255379,Bok Bok เนื้อปลา300 g,3.0,180
2026-08-06,ML2,99250213002,กรงพับ 81*50*60cm 890.-,1.0,700
2026-08-06,ML2,9923110601,กระเป๋า Moorper 720.-,3.0,341
2026-08-06,ML2,9920250324001,กระเป๋าเป้ Sandysnow  399.-,3.0,240
2026-08-06,ML2,99240809001,รถเข็น(รุ่นถอดตะกร้า),2.0,910
2026-08-06,ML2,9923111711,TL11 เสื้อผ้าสำลี No.11,11.0,92
2026-08-06,ML2,9923111708,TL8 เสื้อผ้าสำลี No.8,8.0,55
2026-08-06,ML2,9923110117,TN12 เสื้อเฟชั่น 155.-,13.0,126
2026-08-06,ML2,9992025050201,คอนโดแมว 028 (N1),1.0,1100
2026-08-06,ML2,697511,Pet Feeder ที่ให้อาหารอัตโนมัติ ,1.0,612
2026-08-06,ML2,992025091801,กระเป๋าเป้สัตว์เลี้ยงคละสี 399.-,3.0,196
2026-08-06,ML2,393453881216,ที่นอนกระทะ(คละสี),4.0,129
2026-08-06,ML2,4994527726207,ผ้าเปียกผสมแชมพูทำความสะอาด 15 แผ่น (สุนัขใหญ่),4.0,206
2026-08-06,ML2,4994527726306,ผ้าเปียกผสมแชมพูทำความสะอาด 25 แผ่น (สุนัขพันธุ์เล,2.0,206
2026-08-06,ML2,99250109003,เตียงนอนสปริง XL 122*71 990.-,1.0,479
2026-08-06,ML2,9854926004939,Collar ปลอกคอกันเลีย M,7.0,70
2026-08-06,ML2,985492600771,P077 ปลอกคอ+สายจูง 6 หุนเย็บลาย,11.0,53
2026-08-06,ML2,99250505001,DOGGYDOLLY เสื้อเชิ้ต ไซส์ S,4.0,168
2026-08-06,ML2,8858740801157,(1) PRO CAT ปลาทูน่า ,5.0,651
2026-08-06,ML2,8858740801164,(1) PRO CAT แซลมอน ,6.0,651
2026-08-06,ML2,8850289002378,AL AD01 Atlas ทูน่าเนื้อขาวเยลลี่ 70g,50.0,16
2026-08-06,ML2,8850289002408,AL AD02 Atlas ไก่และกุ้งเยลลี่ 70g,53.0,17
2026-08-06,ML2,8850289002460,AL PU03 ไก่เพียวเร่ 15g*4ซอง,10.0,40
2026-08-06,ML2,8850292591531,BEARING CATแชมพูแมว สูตรอ่อนโยน ผิวแพ้ง่าย 350ml.,5.0,91
2026-08-06,ML2,8850292512031,BEARINGแชมพู สูตร2 สำหรับสุนัขขนสั้น 600ml.,7.0,98
2026-08-06,ML2,8850292594471,BR Nature บาล์มน้ำมันกันชง 6g,20.0,118
2026-08-06,ML2,8850292594488,BR Nature เซรัมทาผิว 30ml,10.0,199
2026-08-06,ML2,8850292595478,BEARING Cat สเปรย์หอมดับกลิ่น กลิ่นเบบี้ พาวเดอร์ (สีฟ้า) 600ml.,3.0,179
2026-08-06,ML2,8859104010291,BINGO (20) อ.แมวโต รสปลาทูย่าง 20kg,1.0,851
2026-08-06,ML2,8859104010543,CNJ (3) อ.แมวGrianfree แซลมอนทูน่า 2.5kg,2.0,260
2026-08-06,ML2,8859104006492,CNJ (7) แม่และลูก 7kg,1.0,520
2026-08-06,ML2,8859104005150,DNJ (10) สุนัขโตพันธุ์เล็ก รสเนื้อตับไก่ 10kg แดง,1.0,560
2026-08-06,ML2,8859104005037,DNJ (3) สุนัขโต เนื้อแกะ 3kg ม่วง,3.0,240
2026-08-06,ML2,8859104005099,DNJ (8) ลูกและแม่สุนัข รสไก่นม 8kg ชม,1.0,536
2026-08-06,ML2,8859104010949,GOODBOY (10) อ.แมวโต ปลาทู 10kg,2.0,350
2026-08-06,ML2,8859104010932,GOODBOY (20) อ.สุนัข เนื้อและไก่ 20kg,1.0,535
2026-08-06,ML2,8859104007338,PFT (1) สุนัขโต Skin&Coat 1.5kg.,2.0,325
2026-08-06,ML2,8859104007451,PFT (1) แมวโต Hairball care 1.2kg.,2.0,260
2026-08-06,ML2,8859104006294,PFT (1) แมวโต Indoor 1kg.,3.0,159
2026-08-06,ML2,8859104007437,PFT (1) แมวโต urinary care 1.2kg.,2.0,260
2026-08-06,ML2,8859104001404,(10) BINGO STAR อาหารแมวโต รสปลาทู 10kg,1.0,468
2026-08-06,ML2,5424052514103,BUZZ Natura แมว 7+ รสปลาค็อดและปลาเทราด์ 1kg.,3.0,210
2026-08-06,ML2,8853223060703,MINI ROLY POLY ลับเล็บมินิโยกเยก 350.-,2.0,225
2026-08-06,ML2,745240065180,SP014 ปลอกคอนิรภัย แคทเทส,8.0,96
2026-08-06,ML2,8853527027621,DP13/F ผ้าอ้อม 43*30 ขนาดL,32.0,73
2026-08-06,ML2,8851495001902,CG แชมพูสุนัขเชนการ์ด ลดอาการคัน 350ml เขียว,5.0,80
2026-08-06,ML2,8851495016593,Chaingard แชมพูสุนัขสูตรบอบบาง 500ml,3.0,237
2026-08-06,ML2,8851495005900,Chaingard แป้งโรยตัวสุนัขอาบแห้ง 100ml,13.0,53
2026-08-06,ML2,6921461702002,(1) CheerShare Mother&Baby 1.2kg,4.0,316
2026-08-06,ML2,6921461701494,(1) CheerShare Rice Meat Grain free 1.5kg,2.0,330
2026-08-06,ML2,3330019,CC020 โซ่ล่ามจูง ข้อกลม 4.5mm 250cm,3.0,220
2026-08-06,ML2,3330020,CC020 โซ่ล่ามจูง ข้อตรง 4.5mm 250cm,2.0,200
2026-08-06,ML2,6976551701588,FOFOS อุโมงสปริงผึ้ง 229.-,4.0,133
2026-08-06,ML2,3661103067245,FRONTLINE PLUS เห็บหมัดแมว 8 WEEK,5.0,148
2026-08-06,ML2,3661103066415,FRONTLINE TRI ACT เห็บหมัดยุงแมลงวันสุนัข10-20kg ,6.0,216
2026-08-06,ML2,8852655109001,Terramycin 3.5gm ขี้ผึ้งป้ายตา,11.0,53
2026-08-06,ML2,8859861801392,6L Mypaws ทรายเต้าหู้ กาแฟ 6L,6.0,136
2026-08-06,ML2,8859861800104,6L Mypaws ทรายเต้าหู้ ชาโคล 6L,6.0,136
2026-08-06,ML2,8859861803570,6L Mypaws ทรายเต้าหู้ ซัมเมอร์วินเทอร์ 6L,6.0,152
2026-08-06,ML2,8859861803563,6L Mypaws ทรายเต้าหู้ บับเบิ้ล บริส 6L,5.0,159
2026-08-06,ML2,8859861801064,6L Mypaws ทรายเต้าหู้ ออริจินอล 6L,5.0,142
2026-08-06,ML2,8851111049042,(1) Ginno อ.เม็ด ผสมเนื้อไก่ฟรีซดราย (นง) 1kg ,3.0,190
2026-08-06,ML2,8851111013012,GINNO (H1) รสปลาทูน่าแซลมอนในเยลลี่ 60g.,36.0,16
2026-08-06,ML2,8859696820094,Cat toy MiNi,7.0,222
2026-08-06,ML2,398362,Naturalist แชมพูสุนัขแมว กลิ่นสโนไวท์ 250ml,4.0,154
2026-08-06,ML2,282384,Naturalist แชมพูสุนัขแมว กลิ่นอิงลิช 250ml,4.0,154
2026-08-06,ML2,849932,Naturalist แชมพูสุนัขแมว กลิ่นไนล์ 250ml,4.0,154
2026-08-06,ML2,8851759453997,JH 5M&M สูตรเนื้อไก่ย่างและตับย่าง 500g,3.0,179
2026-08-06,ML2,8857200422727,JOMO อ.สุนัข รสแกะและข้าว 2kg,3.0,236
2026-08-06,ML2,8859739212763,KANIVA (89-1) Fit&Active 1kg.,10.0,107
2026-08-06,ML2,8859739203211,10L KASTY POP Caramel Machiato 10L.,3.0,242
2026-08-06,ML2,8857127204420-1,(1)Katty Boss อ.แมวปลาทู 600g ,18.0,25
2026-08-06,ML2,8859739210578,KANIVA (D1) อ.สุนัข ไก่ ทูน่า ข้าว 12kg,1.0,1342
2026-08-06,ML2,8859739210639,KANIVA (D3) อ.สุนัข แซลมอน ทูน่า ข้าว 11kg,1.0,1303
2026-08-06,ML2,8850477029262,MEO Yummie Bites รสไก่ 10g,54.0,14
2026-08-06,ML2,8850477029279,MEO Yummie Bites ไก่ปลาทูน่ามากุโระ 10g,41.0,14
2026-08-06,ML2,8850477029286,MEO Yummie Bites ไก่และแซลม่อน 10g,41.0,14
2026-08-06,ML2,8850477025332,MEO (2)ทรายชาร์โคล 10L กลิ่นโอเชียล,5.0,202
2026-08-06,ML2,8850477006720,MEO (12) แมว7+ 80g. ปลาทูในเยลลี่,38.0,15
2026-08-06,ML2,8850477034471,MEO (16) 80g.รสปลารสปลาย่าง,44.0,15
2026-08-06,ML2,8850477051508,(0)ME-O เปอร์เซีย 400g.,11.0,54
2026-08-06,ML2,8850477005266,(G3)ME-O GOLD ลูกแมว 2.8kg.,1.0,416
2026-08-06,ML2,8850477007864,MEO-G (GF) Indoor 1.2kg,4.0,241
2026-08-06,ML2,8850477007826,MEO-G (GF) KITTEN 1.2kg,2.0,241
2026-08-06,ML2,8859557804935,Vetericyn Plus VF Otic Solution 30ml ,3.0,141
2026-08-06,ML2,8859079210191,6L OKIKO ทรายเต้าหู้ กลิ่น YUZU ORANGE 6L,5.0,128
2026-08-06,ML2,9310022726507,PDG สุนัขโต Adult รสไก่บด 400g น้ำเงิน,11.0,50
2026-08-06,ML2,8859104008403,Perfecta ซอฟ มีทตี้ รสไก่อบ 1kg,3.0,240
2026-08-06,ML2,8852523005404,JJA43 สันในไก่อบแห้ง 350g,3.0,189
2026-08-06,ML2,805837015209,Kanimal Litter Mat แผ่นดักทรายแมว XL-สีแดง,2.0,263
2026-08-06,ML2,745760629855,PP DENTAL GEL เจลดูแลสุขภาพปากและฟันสุนัข,2.0,246
2026-08-06,ML2,745760629411,Pet Protect Cat สเปรย์ฉีดอเนกประสงค์ สำหรับกระต่าย,4.0,220
2026-08-06,ML2,745760629886,Pet Protect Dental Spray (For Cat) 118 ml.(4 F lOz,3.0,187
2026-08-06,ML2,8857124979154,Petzania สเปรย์ฉีดเท้าป้องกันเชื่อโรค 75ml,7.0,90
2026-08-06,ML2,8859601055726,CVK3 PRAMY อ.เม็ด คานิวอร์ รสแซลม่อน 10kg,1.0,629
2026-08-06,ML2,8859601055566,FS3 Pramy HAIRBALL CARE 1kg,3.0,209
2026-08-06,ML2,8859601057010,FS4 Pramy MINERAL BALNCED 1kg.,3.0,199
2026-08-06,ML2,8857123181275,Cat Still สเปรย์ ฟีโรโมนสเปรย์ 60ml.,3.0,195
2026-08-06,ML2,8857123181343-1,NAMIGO สุนัขกลาง 10-20 kg. M,21.0,29
2026-08-06,ML2,8857123181350-1,NAMIGO สุนัขใหญ่ 20-40 kg. L,23.0,35
2026-08-06,ML2,8857123181367-1,NAMIGO แมว มากกว่า 10 สััปดาห์,21.0,27
2026-08-06,ML2,8857123180223,PRD โฟมอาบน้ำแมว กลิ่นวิคกี้ 110ml.,5.0,122
2026-08-06,ML2,8857123180186,PRD โฟมอาบน้ำแห้ง กลิ่นจาดอร์ 110ml.,4.0,116
2026-08-06,ML2,8850125074002,(0) PURINA ONE HEALTHY ADULT CHICKEN 380g,5.0,80
2026-08-06,ML2,8850125007376,(3) PURINA ONE KITTEN แซลม่อนทูน่า 2.7kg,2.0,620
2026-08-06,ML2,8850125074330,(3) PURINA ONE MATURE ADULT 7+ 1.2 kg,2.0,620
2026-08-06,ML2,8850124087621,(3) PURINA ONE STERILCAT ทำหมัน 2.7kg,2.0,620
2026-08-06,ML2,017800104777,(6) PURINA ONE Ketten 6.6kg,1.0,1208
2026-08-06,ML2,8857125471084,R8 SKIN&EYR CLEANSER ทำความสะอาดไรหู,3.0,232
2026-08-06,ML2,8859798701864,กระเป๋าแคบซูล ลายแต้มน้ำเงิน,3.0,180
2026-08-06,ML2,8859798701086,กระเป๋าใส สีฟ้า,4.0,204
2026-08-06,ML2,8859790070944,กล่องเดินทาง 61x45x41 1190.-,1.0,740
2026-08-06,ML2,9555544208531,Delizios  แมวเลีย ทูน่าคัตซึโอะบูชิ 20g*4,18.0,35
2026-08-06,ML2,8852021647281,ProDiet อ.เปียก ทูน่า 400g,26.0,32
2026-08-06,ML2,8852021647298,ProDiet อ.เปียก ปลาทะเล 400g,24.0,32
2026-08-06,ML2,9555544200054,ProDiet อ.เปียก ไก่ทูน่า 400g,22.0,32
2026-08-06,ML2,8859721201751,Dog Cheer โคนหูอบแห้งน้ำมันจระเข้ ,6.0,155
2026-08-06,ML2,8857200743532,Perto กระดูกแบน 4 นิ้ว 150 g,6.0,90
2026-08-06,ML2,8850229603290,RL (13) รสปลาทูน่าในเกรวี่ 70g,42.0,14
2026-08-06,ML2,8850229601746,RL KT (3) รสปลาทูน่าผสมไข่ขาว ลูกแมว70g,168.0,14
2026-08-06,ML2,3182550722537,RYC Chihuahua junior 500 g.,2.0,250
2026-08-06,ML2,9003579311301,RYC STERILISED GRAVY 85g.,23.0,24
2026-08-06,ML2,3182550793124,RYD (0) Mini Adult 800g,3.0,198
2026-08-06,ML2,3182550721400,RYC (2) HAIRBALL 2kg,2.0,644
2026-08-06,ML2,3182550793728,RYD (1) X-SMALL adult 1.5kg.,2.0,455
2026-08-06,ML2,8850805004022,SAKURA KOI อ.ปลาคราฟ เร่งโต 1.25kg (ส้ม),2.0,220
2026-08-06,ML2,8850477812208,SH (20) อ.สุนัขพันธ์เล็ก รสเนื้ออบ แดง 20kg.,1.0,1300
2026-08-06,ML2,8852706494001,SOJI แชมพูสำหรับสัตว์เลี้ยงขนขาว 220 ml,4.0,147
2026-08-06,ML2,8852706493851,SOJI แชมพูออร์แกนิค สูตรลูกสุนัข และลูกแมว 250 ml,4.0,120
2026-08-06,ML2,8859759400027,(20) Doggy Pro เนื้อ 20kg. ,1.0,460
2026-08-06,ML2,4520699670354,UNICHARM แผ่นรองซับขนาดใหญ่พิเศษ60x44cm,2.0,374
2026-08-06,ML2,4520699626542,UNICHARM แพมเพิส(ช)L18ชิ้น,3.0,163
2026-08-06,ML2,8850511721404,FEL SP4 ซาบะในเกรวี่ 70g กระป๋อง,18.0,29
2026-08-06,ML2,8850511721565,FEL NO27 ปลาทู ปลาข้าวสารในเกรวี่ 70g กระป๋อง,21.0,24
2026-08-06,ML2,8850511721527,FEL NO5 เนื้อไก่และสาหร่ายในเกรวี่ 70g กระป๋อง,20.0,24
2026-08-06,ML2,8850511721442,FEL SP1 เนื้อทูน่าในเกรวี่ 70g กระป๋อง,42.0,24
2026-08-06,ML2,8857127010144,VFCORE LC ควบคุมน้ำหนัก 12g (ฟ้า),59.0,12
2026-08-06,ML2,8857127009230,TH12044 Delisci อ.เปียก สุนัขพักฟื้น 185g,15.0,63
2026-08-06,ML2,8857127010847,TH183 Delisci อ.แม่และลูกสุนัข 1.5kg,5.0,250
2026-08-06,ML2,052742005898,103721 HG Hill's Urinary Care 1.5kg.,1.0,930
2026-08-06,ML2,052742338507,3385 Fel c/d VgTna&Rstew  82g,12.0,64
2026-08-06,ML2,052742567006,5670 PD A/D Hill 5.5Oz can อ.เปียกสัตว์ฟื้นฟู,6.0,96
2026-08-06,ML2,052742020884,603820 SD PUP Small Dog 1.5kg Hill อ.เม็ดลูกสุนัข ,2.0,531
2026-08-06,ML2,052742084862,609885 SD Ktn Ckn 540g Hill อ.ลูกแมว,2.0,218
2026-08-06,ML2,8853301142052,WHISKAS (20)สูตรปลาทู 20kg.,1.0,1472
2026-08-06,ML2,8859387702067-1,USA657 SKIN&COAT รวมรส 5ซอง,15.0,40
2026-08-06,ML2,8858788707435,Sukina สเปรย์ขจัดคราบสลายกลิ่น (ไม้สน) 450ml.,4.0,142
2026-08-06,ML2,8859564299724-1,UTIVITA Health 10 เม็ด,5.0,153
2026-08-06,ML3,8858772604337-1,PurrPurr แมวเลีย สำหรับแมวทำหมัน  6g,367.0,8
2026-08-06,ML3,9923120466,กรง 2 ชั้น 80x53x100cm 2350.-,2.0,1298
2026-08-06,ML3,99240501001,กรงสุนัข (เล็ก) 77x54x65cm 1990.-,2.0,900
2026-08-06,ML3,99250922047,C047 คอนโด 2 ชั้น 1290.-,2.0,660
2026-08-06,ML3,99241029001,แผ่นดักทราย L 45*60 cm,19.0,88
2026-08-06,ML3,9924072402,TT โซ่ล่ามจูง ข้อตรง 5 mm 250cm 370.-,9.0,150
2026-08-06,ML3,8850477013551,(1) Apro IQ อ.แมวโต 3 มิกซ์ 1kg.,71.0,54
2026-08-06,ML3,8850477027107,(1) LUCKY DOG อ.สุนัขโต 1kg,77.0,32
2026-08-06,ML3,8859831500102,(20) PRO CAT ปลาทู 20kg,2.0,734
2026-08-06,ML3,8850292513038,BR DOG แชมพู สูตร3 สำหรับสุนัขขนยาว 600ml.,19.0,96
2026-08-06,ML3,8850292514035,BR DOG แชมพู สูตร6 สุนัขขนขาว (สีใส) 600ml.,38.0,97
2026-08-06,ML3,8859104004979,DNJ (1) สุนัข สูตรเจ 1.5kg เหลือง,18.0,153
2026-08-06,ML3,8859104012981,DNJ (1) สุนัขโต แซลมอนและผัก7+ 1.5kg,9.0,153
2026-08-06,ML3,8859104012967,DNJ (1) สุนัขโตพันธุ์เล็ก แซลมอน 1.5kg,34.0,153
2026-08-06,ML3,8859104005037,DNJ (3) สุนัขโต เนื้อแกะ 3kg,7.0,252
2026-08-06,ML3,8859104004726,PFT (1) สุนัขโต รสเนื้อ 1kg.,11.0,145
2026-08-06,ML3,8859104004689,PFT (1) สุนัขโต รสไก่ไข่นม 1kg.,13.0,145
2026-08-06,ML3,8859104006294,PFT (1) แมวโต Indoor 1kg.,9.0,170
2026-08-06,ML3,8859104008298,PFT (3) แมวโต รสไก่ข้าว 3kg.,4.0,470
2026-08-06,ML3,5424052514103,BUZZ Natura แมว 7+ รสปลาค็อดและปลาเทราด์ 1kg.,17.0,210
2026-08-06,ML3,5424052514400,BUZZ Natura แมว 7+ รสปลาค็อดและปลาเทราด์ 4kg.,5.0,788
2026-08-06,ML3,8859214534403,6L TF06 Tofu  Melon 6L,13.0,123
2026-08-06,ML3,8859214535899,CF02 อ.แมวโต ทูน่าเนื้อแดงไก่เยลลี่ 400g,96.0,25
2026-08-06,ML3,8859214535905,CF03 อ.แมวโต ทูน่าเนื้อแดงหน้ากุ้ง 400g,106.0,27
2026-08-06,ML3,8859214535912,CF04 อ.แมวโต ทูน่าเนื้อแดงแซลมอน 400g,105.0,27
2026-08-06,ML3,8859214535936,CF06 อ.แมวโต ทูน่าเนื้อแดงหน้าปูอัด 400g,104.0,27
2026-08-06,ML3,8859214535943,CF07 อ.แมวโต ทูน่าเนื้อแดงคัตสึโอะบูชิ 400g,95.0,27
2026-08-06,ML3,8859214523827,CF71 อ.เปียกสุนัข รสเนื้อและตับ 400g,63.0,27
2026-08-06,ML3,8859214523834,CF72 อ.เปียกสุนัข รสไก่ผัก 400g,64.0,27
2026-08-06,ML3,8859214523841,CF73 อ.เปียกสุนัข รสเป็ดย่าง 400g,64.0,27
2026-08-06,ML3,8859214523858,CF74 อ.เปียกสุนัข รสแกะรมควัน 400g,64.0,27
2026-08-06,ML3,8859214523865,CF75 อ.เปียกสุนัข รสไก่งวงรมควัน 400g,64.0,27
2026-08-06,ML3,8859214532843,PC60 CattyCat เปียกไก่ฉีกเกรวี่ 75g,175.0,11
2026-08-06,ML3,8859214534755,RC301 Raptor แมวรสปลาทู 1 mix 1kg,76.0,33
2026-08-06,ML3,8857127849287,CT (J7) ทูน่าหน้าปูอัดเยลลี่ 70g,163.0,13
2026-08-06,ML3,8851495011611,CG แชมพูคอมเพล็ค สุนัขขนยาว ม่วง 300ml,30.0,66
2026-08-06,ML3,8851495004293,CG แชมพูลูกสุนัขเชนการ์ด 350ml ชมพู,18.0,85
2026-08-06,ML3,8851495001902,CG แชมพูสุนัขเชนการ์ด ลดอาการคัน 350ml เขียว,18.0,85
2026-08-06,ML3,8851495008291,เชนไดร้ท์ มดมอดแมลงสาบ 450ml,15.0,90
2026-08-06,ML3,6921461702002,(1) CheerShare Mother&Baby 1.2kg,6.0,330
2026-08-06,ML3,6921461702019,CheerShare Mother&Baby 10kg.,1.0,1764
2026-08-06,ML3,6921461723458,CheerShare Rice Meat Grain free 6.8kg,2.0,1372
2026-08-06,ML3,745240065623,Two Two ทรายภูเขาไฟเกาหลี (นาโน เฟรช) 10L,6.0,252
2026-08-06,ML3,8850124010179,Friskies (1) อ.เปียกแมวโต รสไก่ในเกรวี่ เขียว 70g,166.0,11
2026-08-06,ML3,8850124010230,Friskies (2) อ.เปียกแมวโต รสทูน่าในเกรวี่ ม่วง 70g,170.0,11
2026-08-06,ML3,8850124010261,Friskies (3) อ.เปียกแมวโต รสปลาทะเลในเกรวี่ ฟ้า 70g,195.0,11
2026-08-06,ML3,8850124010629,Friskies (4) อ.เปียกลูกแมว รสไก่ในเกรวี่ ชม 70g,150.0,11
2026-08-06,ML3,8850125073050,Friskies เพียวริน่า ซีฟู้ด 17kg,3.0,1160
2026-08-06,ML3,8850125085107,Friskies เพียวริน่า ปลาทะเล 17kg,3.0,1296
2026-08-06,ML3,8859861801392,6L Mypaws ทรายเต้าหู้ กาแฟ 6L,12.0,142
2026-08-06,ML3,8859861800104,6L Mypaws ทรายเต้าหู้ ชาโคล 6L,11.0,142
2026-08-06,ML3,8859861803570,6L Mypaws ทรายเต้าหู้ ซัมเมอร์วินเทอร์ 6L,12.0,159
2026-08-06,ML3,8859861803563,6L Mypaws ทรายเต้าหู้ บับเบิ้ล บริส 6L,12.0,159
2026-08-06,ML3,8859861801064,6L Mypaws ทรายเต้าหู้ ออริจินอล 6L,12.0,142
2026-08-06,ML3,8851111049042,(1) Ginno อ.เม็ด ผสมเนื้อไก่ฟรีซดราย (นง) 1kg ,14.0,187
2026-08-06,ML3,8851111013036,GINNO (11) รสปลาทูน่าหน้าไข่ตุ๋นและสาหร่ายในเยลลี่ 60g.,124.0,15
2026-08-06,ML3,8851111013050,GINNO (12) รสปลาทูน่าหน้าคานิคามะในเยลลี่ 60g.,129.0,15
2026-08-06,ML3,8851111013074,GINNO (13) รสปลาทูน่าหน้ากุ้งในเยลลี่ 60g.,125.0,15
2026-08-06,ML3,4520699696262,MC704 Spoon ทูนามากุโระ คัตทสึโอะ 10g*4,44.0,47
2026-08-06,ML3,8857124053274,Catster 20 ฟรีสดรายแซลมอน 40g,24.0,68
2026-08-06,ML3,8859826910442,(1) MYPAL อ.สุนัข รสเนื้อ (สีเขียว) 1kg,109.0,35
2026-08-06,ML3,8859826910459,(1) MYPAL อ.สุนัข รสไก่ (สีส้ม) 1kg,115.0,35
2026-08-06,ML3,8857200422727,JOMO อ.สุนัข รสแกะและข้าว 2kg,9.0,248
2026-08-06,ML3,8857200422796,JOMO อ.แมว แซลมอนมันฝรั่ง 1.5kg,8.0,200
2026-08-06,ML3,8859739230309,(5) KANDY อ.เปียก ไก่แซลมอนเยลลี่ 70g,131.0,15
2026-08-06,ML3,8859739230323,(7) KANDY อ.เปียก ทูน่าเนื้อขาวเนื้อปูเยลลี่ 70g,108.0,15
2026-08-06,ML3,8859739211667,(JB03) Kaniva อ.เปียก แซลมอน 130g,112.0,18
2026-08-06,ML3,8859739210875,Kaniva แมวเลีย เนื้อไก่ครีมมี่ 15g,181.0,10
2026-08-06,ML3,8859739210387,KANIVA (37)Skin Coat 2.8kg.,4.0,420
2026-08-06,ML3,8859739210325,KANIVA (38)Growth Balance 2.8kg,7.0,431
2026-08-06,ML3,8859739212732,KANIVA (39)Fit&Active 3.2kg.,4.0,367
2026-08-06,ML3,8859739210295,KANIVA (82-1)สูตรเนื้อไก่ทูน่าและข้าว 1kg.,30.0,116
2026-08-06,ML3,8859739210271,KANIVA (83-1)สูตรแกะ ทูน่า ข้าว 1kg.,18.0,138
2026-08-06,ML3,8859739210288,KANIVA (84-1)แซลมอนทูน่าและข้าว 1kg.,18.0,136
2026-08-06,ML3,8859739212763,KANIVA (89-1)Fit&Active 1kg.,20.0,112
2026-08-06,ML3,8859739220485,Kanimal (K1) อ.แมว รสไก่ 1 kg ,21.0,93
2026-08-06,ML3,8859739221529,Kanimal (K2) อ.แมว รสแกะ 1kg ,27.0,93
2026-08-06,ML3,8859739221437,Kanimal (K7) อ.แมว แม่และลูก 800g ,36.0,93
2026-08-06,ML3,8859739203396,4L KASTY POP (41)CASSAVA-ORIGINAL 4L.,24.0,84
2026-08-06,ML3,8859739210639,KANIVA (D3) อ.สุนัข แซลมอน ทูน่า ข้าว 11kg,3.0,1368
2026-08-06,ML3,8859653204325,Lifemate แซมพู สูตรขนนุ่ม 250 ml,8.0,175
2026-08-06,ML3,8859601031003,LOLA&CO RM01 ลูกแมวทูน่า 80g.,147.0,13
2026-08-06,ML3,8859601031041,LOLA&CO RM05 ทูน่าหน้าชีสในเจลลี่ 80g.,115.0,13
2026-08-06,ML3,8859601030402,LOLACO EYE WIPES สุนัขและแมว 120แผ่น,16.0,102
2026-08-06,ML3,8850477516403,ME-O อ.เปียก ปลาซาดีน 400g,54.0,27
2026-08-06,ML3,8850477033962,MEO (14) 80g แม่และลูก,132.0,15
2026-08-06,ML3,8850477034471,MEO (16) 80g.รสปลารสปลาย่าง,45.0,17
2026-08-06,ML3,8850477026285,MEO(D11)70g.ปลาทูน่าและไก่ฉีกในน้ำเกรวี่,105.0,16
2026-08-06,ML3,8850477026322,MEO(D6)70g.ปลาทูน่าแซลมอนในน้ำเกรวี่,86.0,17
2026-08-06,ML3,8850477005563,MEO(DK3)70g. ลูก ไก่มูสนมแพะแซลมอน,132.0,17
2026-08-06,ML3,8859716300414,NEEZ+Lite 10kg,2.0,1050
2026-08-06,ML3,3661103067344-1,NEXGARD 2-4kg ขาวส้ม,8.0,186
2026-08-06,ML3,8850477018129,OTM อาหารปลาคราฟ HIPRO 6%(S) 7kg.,2.0,758
2026-08-06,ML3,8850477164154,OTM อาหารปลาคราฟ HIPRO(L) 15kg.,1.0,1505
2026-08-06,ML3,8859228600316,CORDITAB HEART SUPPORT (หัวใจ) 25 TAB,11.0,132
2026-08-06,ML3,9310022726408,PDG Home Style สุนัขโต เนื้อบด  400g,31.0,48
2026-08-06,ML3,9310022735905,PDG Home Style สุนัขโต เนื้อในน้ำซอส 400g,38.0,48
2026-08-06,ML3,9310022726507,PDG สุนัขโต Adult รสไก่บด 400g น้ำเงิน,34.0,50
2026-08-06,ML3,8859104006423,Perfecta ซอฟ มีทตี้ รสไก่อบ 500g,10.0,145
2026-08-06,ML3,8852523016158,DA71 ทรายเต้าหู้ ออริจินอล 20L,4.0,322
2026-08-06,ML3,8852523016523,DA73 ทรายเต้าหู้ ชาเขียว 20L,4.0,322
2026-08-06,ML3,8852523016172,DA74 ทรายเต้าหู้ แคนตาลูป 20L,4.0,322
2026-08-06,ML3,8852523016165,DA75 ทรายเต้าหู้ องุ่น 20L,4.0,322
2026-08-06,ML3,8852523016530,DA76 ทรายเต้าหู้เกล็ด บับเบิ้ลกัม 18L,4.0,322
2026-08-06,ML3,8852523010002,MT02 BeTick หยอดเห็บหมัด >10-20kg,43.0,34
2026-08-06,ML3,8852523010019,MT03 BeTick หยอดเห็บหมัด >20-40kg,45.0,42
2026-08-06,ML3,745760629862,PP DENTAL GEL เจลดูแลสุขภาพปากและฟันแมว,5.0,261
2026-08-06,ML3,8850753996226,ผ้าหนึบอเนกประสงค์ (คละลาย),14.0,157
2026-08-06,ML3,8857124355309,PW อ.แมว ทูน่า มันหวาน 2kg,11.0,240
2026-08-06,ML3,8857124355293,PW อ.แมว ไก่ มันหวาน 2kg,12.0,240
2026-08-06,ML3,8850125074002,(0) PURINA ONE HEALTHY ADULT CHICKEN 380g,19.0,85
2026-08-06,ML3,8850124000040,(1) PURINA ONE STERILCAT ทำหมัน 1.2 kg,8.0,336
2026-08-06,ML3,8850124040992,(18) ALPO ADULT Beef 18kg.,15.0,860
2026-08-06,ML3,8850124010100,(18) ALPO ADULT Chicken 18kg.,10.0,860
2026-08-06,ML3,8850125074330,(3) PURINA ONE MATURE ADULT 7+ 1.2 kg,6.0,624
2026-08-06,ML3,8850124087621,(3) PURINA ONE STERILCAT ทำหมัน 2.7kg,6.0,659
2026-08-06,ML3,8852021647281,ProDiet อ.เปียก ทูน่า 400g,63.0,32
2026-08-06,ML3,8852021647298,ProDiet อ.เปียก ปลาทะเล 400g,63.0,32
2026-08-06,ML3,9555544200054,ProDiet อ.เปียก ไก่ทูน่า 400g,66.0,32
2026-08-06,ML3,9555544209996,ProDiet อ.เม็ด ปลาทู 500g,43.0,33
2026-08-06,ML3,8850229600909,RL (5) รสปลาทูน่าในเยลลี่หน้าแซลมอน70g,244.0,15
2026-08-06,ML3,8850229604198,RL (CB2) อ.เปียก รสทูน่า&ปลาแซลมอนเกรวี่70g,132.0,19
2026-08-06,ML3,8850229603351,RL (G3) ปลาทูน่าในเกรวี่หน้าปูอัด 70g,99.0,14
2026-08-06,ML3,3182550778657,RYD (1)MINI STARTER 1kg.,4.0,342
2026-08-06,ML3,3182550908443,RYD (1)POMERANIANAD AD. 1.5g,8.0,629
2026-08-06,ML3,8850805004725,SAKURA KOI อ.ปลาคราฟ เร่งโต+สี 6.5kg (น้ำเงิน),2.0,852
2026-08-06,ML3,8850477852013,SH (1) อ.สัตว์ฟันแทะ คอมพลีทบาลานซ์ ชมพู 1kg.,19.0,105
2026-08-06,ML3,8850477852037,SH (3) อ.สัตว์ฟันแทะ คอมพลีทบาลานซ์ ชมพู 3kg.,6.0,242
2026-08-06,ML3,8850477025585,(1) SHG อ.แมวโต ทูน่าและข้าว 1kg.,9.0,172
2026-08-06,ML3,8859411908243,กระบะทรายแมวรุ่นเสี่ย คละสี No.1805,20.0,116
2026-08-06,ML3,8859411908250,กระบะทรายแมวรุ่นเสี่ย คละสี No.1805-1,23.0,116
2026-08-06,ML3,8859411906133,ชามข้าวหมั่นโถ No.1815,266.0,12
2026-08-06,ML3,8859411906119,ชามข้าวโมจิ No.1821,119.0,23
2026-08-06,ML3,8859411900728,ตะกร้าเทอร์โบ สีสดใส No.5041 ,11.0,129
2026-08-06,ML3,8850781908185,TICK STOP สเปรย์ขจัดเห็บหมัด 200 ml,21.0,80
2026-08-06,ML3,8859160404355,TR60 TORO อ.เปียก แม่และลูก (ชมพุ) 70g.,105.0,14
2026-08-06,ML3,8858884000089,Messi Shampoo ลดกลิ่นตัว 180ml (สีม่วง),29.0,47
2026-08-06,ML3,8850511921941,5L Hi Life ทรายกลิ่นเลมอน 5L,46.0,45
2026-08-06,ML3,8850511721930,VIF C12 ปลาทูน่าผสมปลาข้าวสารในเจลลี่ 75g,145.0,15
2026-08-06,ML3,8850511921798,VM11 Milky soft cream 15g,273.0,6
2026-08-06,ML3,8857127010489,ไบท์การ์ด สเปร์ยป้องกันการเลียและกัดแทะ 50 ml.,41.0,72
2026-08-06,ML3,8857127009872,Delisci Mother&Kitten 70g.,130.0,19
2026-08-06,ML3,8857127009858,TH269 Delisci อ.เปียก แมว Skin&Coat 70g,135.0,25
2026-08-06,ML3,8853301100441,WK(B12)  รสปลาทะเลกุ้ง 70g,105.0,15
2026-08-06,ML3,8853301100212,WHISKAS (20)สูตรปลาทูน่า 20kg.,1.0,1452
2026-08-06,ML3,8858788701419,Sukina ถุงเก็บมูลขยะ 30ชิ้น,38.0,56
2026-08-06,ML3,8850477020658,(1) ZOI DOG 1 MIX เหลือง 1kg,180.0,45
2026-08-06,ML3,8850477024212,(1) ZOI DOG 2 MIX ส้ม 1kg,84.0,48
2026-08-06,ML3,8857122849992-1,KATIMUN  วิตามินกระตุ้นภูมิ 10 เม็ด,18.0,100
2026-08-06,ML3,8859564299724-1,UTIVITA Health 10 เม็ด,9.0,153
